{
    "ChallengeSera": ["Cake"],
    "ChallengeLetti": ["Cake", "Brownies", "Sundae", "Chocolate milkshake", "Garlic fries", "Omurice"],
    "ChallengeDoll": ["Strawberry milkshake", "Rice pudding", "Ratghetti", "Sundae", "Spaghetti", "Tentacle ramen"],
    "ChallengeGob": ["Blood milkshake", "Eye sundae", "Brownies", "Ramen", "Cake", "Rice pudding"],
    "ChallengeAnnieAlex": ["Tentacle ramen", "Eye sundae", "Garlic fries", "Spaghetti", "Omurice", "Sundae"],
    "ChallengeSweet": ["Cake", "Brownies", "Sundae", "Chocolate milkshake", "Strawberry milkshake", "Rice pudding"],
    "ChallengeSavory": ["Spaghetti", "Ramen", "Omurice", "Garlic fries"],
    "ChallengesWeird": ["Tentacle ramen", "Blood milkshake", "Ratghetti", "Eye sundae"],
    "ChallengeSphene": ["Cake", "Brownies", "Sundae", "Chocolate milkshake", "Strawberry milkshake", "Rice pudding", "Spaghetti", "Ramen", "Omurice", "Garlic fries", "Tentacle ramen", "Blood milkshake", "Ratghetti", "Eye Sundae"]
}