{
	"None": {
		"0": [
			"Serafina",
			0,
			"Debug scenario."
		]
	},
	"ChallengeSera": {
		"0": [
			"Serafina",
			0,
			"I can't believe it... I've completed my maid training!"
		],
		"1": [
			"Serafina",
			2,
			"It seems like only yesterday I was a tiny fledgling maid learning from Lady Felicia... I can still hear her reprimands..."	
		],
		"2": [
			"Serafina",
			1,
			"Hmm, it doesn't seem like anyone else will need to be served today. Perhaps I should go over everything before my first assignment..."
		],
		"3": [
			"Onboarding",
			0,
			"Welcome to Maid Rush Madness! The goal of the game is to serve dishes to your increasingly demanding guests."
		],
		"4": [
			"Onboarding",
			1,
			"Ingredients for recipes will fall out of the sky. You need to move Serafina under them to catch them!"
		], 		
		"5": [
			"Onboarding",
			2,
			"You can move Serafina left and right using the arrow keys."
		],
		"6": [
			"Onboarding",
			3,
			"You'll catch an ingredient when it falls and collides with Serafina! Your currently held ingredients can be seen on her plate."
		],
		"7": [
			"Onboarding",
			4,
			"Catch 3 ingredients to make a dish! There are a lot of combinations that lead to certain dishes, and some don't lead to any dishes at all..."
		],
		"8": [
			"Onboarding",
			5,
			"When you have created a dish, it'll show up on your plate! You can't catch any more ingredients until you serve your currently held dish."
		],
		"9": [
			"Onboarding",
			6,
			"To serve your current dish, press the spacebar!"
		],
		"10": [
			"Onboarding",
			6,
			"(Tip: If your plate only has ingredients and you haven't made a dish yet, you can press space to clear your plate!)"
		],
		"11": [
			"Onboarding",
			7,
			"You need to serve dishes before time runs out! The timer at the bottom of the screen will tell you how much time you have left."
		],
		"12": [
			"Onboarding",
			8,
			"The timer will progressively fill as you play the game. Some guests are needier than others, meaning the timer will fill faster!"
		],
		"13": [
			"Onboarding",
			9,
			"If the timer fills and you haven't yet completed the order, the current request will reappear to remind you of what to make! Serafina might also get a little discouraged... if she messes up too many times, she'll fail her assignment!"
		],
		"14": [
			"Onboarding",
			0,
			"Each guest will have different dishes they'd like to be served. Make sure to remember which one to make before the request window disappears!"
		],
		"15": [
			"Onboarding",
			0,
			"That's all for the tutorial, good luck!"
		]
	},
	"ChallengeLetti": {
		"0": [
			"Letti",
			0,
			"Oh my... that journey sure was something. I'm starving."
		],
		"1": [
			"Letti",
			0,
			"It smells amazing in here... I hope I'll have enough room for dessert!"
		],
		"2": [
			"Letti",
			1,
			"Hello there! Are you the maid who will be serving to me? It's a pleasure to meet you! I'm Letti."
		],
		"3": [
			"Letti",
			0,
			"I've heard you just completed your training. I'm excited to see what your mentor has taught you!"
		],
		"4": [
			"Letti",
			0,
			"You wouldn't happen to make anything sweet? Like maybe a cake, or perhaps a sundae..."
		],
		"5": [
			"Letti",
			1,
			"Ah, but of course I would love to sample your meals as well!"
		],
		"6": [
			"Serafina",
			4,
			"(O-oh my! Doesn't she work at that famed aquatic lab by the southern ocean..?)"
		],
		"7": [
			"Serafina",
			1,
			"(Things that are sweet...perhaps I should focus on providing desserts.)"
		],
		"8": [
			"Letti",
			0,
			"Please take your time serving me! I want to try your very best dishes!"
		]
	},
	"ChallengeGob": {
		"0": [
			"Gob",
			0,
			"Hello..."
		]
	},
	"ChallengeDoll": {
		"0": [
			"Doll",
			0,
			"..."
		],
		"1": [
			"Doll",
			0,
			"..."
		],
		"2": [
			"Doll",
			0,
			"Hello."
		],
		"3": [
			"Doll",
			0,
			"I have heard good things about your services."
		],
		"4": [
			"Doll",
			0,
			"Savory dishes, sweet meals..."
		],
		"5": [
			"Doll",
			0,
			"Even your more...unconventional creations."
		],
		"6": [
			"Doll",
			0,
			"I want to taste it all."
		],
		"7": [
			"Doll",
			0,
			"I want to see what it is like to be...human."
		],
		"8": [
			"Doll",
			0,
			"I expect prompt and perfect service. Do not disappoint me."
		],
		"9": [
			"Serafina",
			3,
			"(Eek!)"
		],
		"10": [
			"Serafina",
			3,
			"(That's one of Lady Lacrimosa's artificial handmaidens!)"
		],
		"11": [
			"Serafina",
			2,
			"(I must be on my best behavior, lest I draw the lady's wrath...)"
		]
	}
}
