{
	"Cake": ["Egg", "Flour", "Milk"],
	"Brownies": ["Chocolate", "Egg", "Flour"],
	"Sundae": ["Ice cream", "Chocolate", "Strawberries"],
	"Chocolate milkshake": ["Ice cream", "Milk", "Chocolate"],
	"Strawberry milkshake": ["Ice cream", "Milk", "Strawberries"],
	"Rice pudding": ["Rice", "Water", "Milk"],
	"Spaghetti": ["Noodles", "Tomato", "Beef"],
	"Ramen": ["Water", "Noodles", "Egg"],
	"Omurice": ["Egg", "Tomato", "Rice"],
	"Garlic bread": ["Flour", "Water", "Garlic"],
	"Steak dinner": ["Beef", "Potato", "Garlic"],
	"Garlic fries": ["Potato", "Garlic", "Tomato"],
	"Tentacle ramen": ["Water", "Noodles", "Tentacle"],
	"Blood milkshake": ["Milk", "Ice cream", "Blood"],
	"Ratghetti": ["Rat", "Noodles", "Tomato"],
	"Eye sundae": ["Ice cream", "Chocolate", "Eye"]
}
