{
	"None": {
		"0": [
			"Serafina",
			0,
			"Debug scenario."
		]
	},
	"ChallengeSera": {
		"0": [
			"Serafina",
			3,
            "Oh my, that was a disaster... Maybe I'm not ready to be a maid..."
		],
		"1": [
			"Serafina",
			0,
			"Phew! That went well! I wonder who my first client will be..."
		]
	},
	"ChallengeLetti": {
		"0": [
			"Letti",
			1,
            "O-oh, it seems I may have been a bit too demanding."
		],
		"1": [
			"Letti",
			0,
			"That was wonderful. I wonder what the dessert menu looks like..."
		]
	},
    "ChallengeGob": {
		"0": [
			"Gob",
			0,
			"..."
		],
		"1": [
			"Gob",
			0,
			"..."
		]
	},
	"ChallengeDoll": {
		"0": [
			"Doll",
			0,
			"...You will not see me again."
		],
		"1": [
			"Doll",
			0,
            "...Acceptable. I will return again."
		]
	},
	"ChallengeSphene": {
		"0": [
			"Serafina",
			0,
			"Whew! That was a good training session."
		],
		"1": [
			"Serafina",
			3,
			"Ummm, you aren't supposed to reach this screen!"
		]
	}
}
