{
	"Bflower": "flower1.png",
	"Egg": "egg.png",
	"Water": "water.png",
	"Flour": "flour.png",
	"Milk": "milk.png",
	"Strawberries": "strawb.png",
	"Ice cream": "iceCream.png",
	"Chocolate": "choco.png",
	"Tomato": "tomato.png",
	"Noodles": "noods.png",
	"Beef": "cow.png",
	"Rice": "rice.png",
	"Garlic": "garlic.png",
	"Potato": "pot.png",
	"Tentacle": "tentacle.png",
	"Rat": "rat.png",
	"NoFood": "noFood.png",
	"Blood": "blood.png",
	"Cake": "cake.png",
	"Eye": "eye.png",
	"Brownies": "brownie.png",
	"Sundae": "sundae.png",
	"Chocolate milkshake": "chocoMilk.png",
	"Strawberry milkshake": "strawbMilk.png",
	"Rice pudding": "ricePud.png",
	"Spaghetti": "spaghetti.png",
	"Ramen": "ramen.png",
	"Omurice": "omurice.png",
	"Garlic bread": "gBread.png",
	"Steak dinner": "steak.png",
	"Garlic fries": "gFries.png",
	"Tentacle ramen": "tentRamen.png",
	"Blood milkshake": "bloodMilk.png",
	"Ratghetti": "ratghetti.png",
	"Eye sundae": "eyeSun.png",
	"Slop": "slop.png"
}
